<application>
  <component name="DimensionService">
    <size key="GridCell.Tab.0.left.0.0.2560.1440" width="1392" height="284" />
    <size key="GridCell.Tab.0.center.0.0.2560.1440" width="1392" height="284" />
    <size key="GridCell.Tab.0.right.0.0.2560.1440" width="1392" height="284" />
    <size key="GridCell.Tab.0.bottom.0.0.2560.1440" width="1392" height="284" />
    <size key="GridCell.Tab.1.left.0.0.2560.1440" width="1676" height="89" />
    <size key="GridCell.Tab.1.center.0.0.2560.1440" width="1676" height="89" />
    <size key="GridCell.Tab.1.right.0.0.2560.1440" width="1676" height="89" />
    <size key="GridCell.Tab.1.bottom.0.0.2560.1440" width="1676" height="89" />
    <size key="GridCell.Tab.0.left.0.0.2561.1601@144dpi" width="2283" height="263" />
    <size key="GridCell.Tab.0.center.0.0.2561.1601@144dpi" width="2283" height="263" />
    <size key="GridCell.Tab.0.right.0.0.2561.1601@144dpi" width="2283" height="263" />
    <size key="GridCell.Tab.0.bottom.0.0.2561.1601@144dpi" width="2283" height="263" />
    <size key="GridCell.Tab.1.left.0.0.2561.1601@144dpi" width="2283" height="263" />
    <size key="GridCell.Tab.1.center.0.0.2561.1601@144dpi" width="2283" height="263" />
    <size key="GridCell.Tab.1.right.0.0.2561.1601@144dpi" width="2283" height="263" />
    <size key="GridCell.Tab.1.bottom.0.0.2561.1601@144dpi" width="2283" height="263" />
    <size key="GridCell.Tab.0.left.0.0.2560.1600" width="1392" height="284" />
    <size key="GridCell.Tab.0.center.0.0.2560.1600" width="1392" height="284" />
    <size key="GridCell.Tab.0.right.0.0.2560.1600" width="1392" height="284" />
    <size key="GridCell.Tab.0.bottom.0.0.2560.1600" width="1392" height="284" />
    <size key="GridCell.Tab.2.left.0.0.2561.1601@144dpi" width="1377" height="147" />
    <size key="GridCell.Tab.2.center.0.0.2561.1601@144dpi" width="1377" height="147" />
    <size key="GridCell.Tab.2.right.0.0.2561.1601@144dpi" width="1377" height="147" />
    <size key="GridCell.Tab.2.bottom.0.0.2561.1601@144dpi" width="1377" height="147" />
    <size key="GridCell.Tab.3.left.0.0.2561.1601@144dpi" width="1518" height="455" />
    <size key="GridCell.Tab.3.center.0.0.2561.1601@144dpi" width="1518" height="455" />
    <size key="GridCell.Tab.3.right.0.0.2561.1601@144dpi" width="1518" height="455" />
    <size key="GridCell.Tab.3.bottom.0.0.2561.1601@144dpi" width="1518" height="455" />
  </component>
  <component name="WindowManager">
    <frame x="111" y="64" width="2427" height="1386" />
  </component>
  <component name="WindowStateApplicationService">
    <state width="620" height="111" key="ShowUsagesActions.dimensionServiceKey" timestamp="1768268158827">
      <screen x="0" y="0" width="1707" height="1019" />
    </state>
    <state width="620" height="111" key="ShowUsagesActions.dimensionServiceKey/0.0.1707.1019" timestamp="1768268158827" />
  </component>
</application>