<application>
  <component name="CosySettings">
    <option name="chatModelSelected">
      <map>
        <entry key="chat" value="default" />
        <entry key="developer" value="default" />
      </map>
    </option>
    <option name="parameter">
      <ChangeUserSettingParams>
        <option name="allowReportUsage" value="true" />
        <option name="cloud">
          <CloudModelParam>
            <option name="autoTrigger">
              <CloudModelAutoTrigger>
                <option name="enable" value="true" />
                <option name="generateLength" value="level_1" />
                <option name="modelLevel" value="large" />
              </CloudModelAutoTrigger>
            </option>
            <option name="enable" value="true" />
            <option name="manualTrigger">
              <CloudModelManualTrigger>
                <option name="generateLength" value="level_2" />
                <option name="modelLevel" value="large" />
              </CloudModelManualTrigger>
            </option>
          </CloudModelParam>
        </option>
        <option name="local">
          <LocalModelParam>
            <option name="enable" value="false" />
            <option name="inferenceMode" value="auto" />
            <option name="maxCandidateNum" value="3" />
          </LocalModelParam>
        </option>
      </ChangeUserSettingParams>
    </option>
    <option name="recentComplexQueries">
      <map>
        <entry key="NingBoRepo|1269786122366699|InlineTab">
          <value>
            <list>
              <ChatRecentQuery>
                <option name="chatInputElements">
                  <list>
                    <ChatInputElement>
                      <option name="text" value="为什么" />
                      <option name="type" value="text" />
                    </ChatInputElement>
                  </list>
                </option>
                <option name="contextTags">
                  <list>
                    <ChatContextTag>
                      <option name="componentType" value="comboBox" />
                      <option name="contextProvider">
                        <SuggestPrompt>
                          <option name="componentType" value="comboBox" />
                          <option name="contextName" value="selectedCode" />
                          <option name="drillDownEnable" value="false" />
                          <option name="enabled" value="true" />
                          <option name="extra">
                            <map>
                              <entry key="contextType">
                                <value>
                                  <Object />
                                </value>
                              </entry>
                            </map>
                          </option>
                          <option name="hint" value="selectedCode" />
                          <option name="id" value="858b986a-9b02-4d41-87ef-c7b6b92b44d7" />
                          <option name="sourceType" value="system" />
                          <option name="text" value="@selectedCode" />
                          <option name="type" value="context" />
                        </SuggestPrompt>
                      </option>
                      <option name="endLine" value="13" />
                      <option name="extra">
                        <map>
                          <entry key="contextType">
                            <value>
                              <Object />
                            </value>
                          </entry>
                          <entry key="endLine">
                            <value>
                              <Object />
                            </value>
                          </entry>
                          <entry key="fileName">
                            <value>
                              <Object />
                            </value>
                          </entry>
                          <entry key="filePath">
                            <value>
                              <Object />
                            </value>
                          </entry>
                          <entry key="fullContent">
                            <value>
                              <Object />
                            </value>
                          </entry>
                          <entry key="selectedItemContent">
                            <value>
                              <Object />
                            </value>
                          </entry>
                          <entry key="startLine">
                            <value>
                              <Object />
                            </value>
                          </entry>
                        </map>
                      </option>
                      <option name="id" value="D:\.project\NingBoRepo\src\main\java\org\example\Main.java#L5-L13" />
                      <option name="name" value="D:\.project\NingBoRepo\src\main\java\org\example\Main.java#L5-L13" />
                      <option name="payload">
                        <Object />
                      </option>
                      <option name="sourceType" value="system" />
                      <option name="statLine" value="5" />
                      <option name="text" value="Main.java" />
                      <option name="type" value="currentFile" />
                    </ChatContextTag>
                  </list>
                </option>
              </ChatRecentQuery>
            </list>
          </value>
        </entry>
        <entry key="match01|1269786122366699">
          <value>
            <list>
              <ChatRecentQuery>
                <option name="chatInputElements">
                  <list>
                    <ChatInputElement>
                      <option name="text" value="一会我会给你一些java相关的题目，请你回答" />
                      <option name="type" value="text" />
                    </ChatInputElement>
                  </list>
                </option>
                <option name="contextTags">
                  <list />
                </option>
              </ChatRecentQuery>
              <ChatRecentQuery>
                <option name="chatInputElements">
                  <list>
                    <ChatInputElement>
                      <option name="text" value="abstract类中可以有非abs方法名" />
                      <option name="type" value="text" />
                    </ChatInputElement>
                  </list>
                </option>
                <option name="contextTags">
                  <list />
                </option>
              </ChatRecentQuery>
              <ChatRecentQuery>
                <option name="chatInputElements">
                  <list>
                    <ChatInputElement>
                      <option name="text" value="可以用funal修饰吗" />
                      <option name="type" value="text" />
                    </ChatInputElement>
                  </list>
                </option>
                <option name="contextTags">
                  <list>
                    <ChatContextTag>
                      <option name="componentType" value="comboBox" />
                      <option name="contextProvider">
                        <SuggestPrompt>
                          <option name="componentType" value="comboBox" />
                          <option name="contextName" value="file" />
                          <option name="drillDownEnable" value="true" />
                          <option name="enabled" value="true" />
                          <option name="extra">
                            <map>
                              <entry key="contextType">
                                <value>
                                  <Object />
                                </value>
                              </entry>
                            </map>
                          </option>
                          <option name="hint" value="file" />
                          <option name="id" value="7a0c2792-b1ed-49ec-a82b-d97b16a242b4" />
                          <option name="text" value="#file" />
                          <option name="type" value="context" />
                        </SuggestPrompt>
                      </option>
                      <option name="extra">
                        <map>
                          <entry key="contextType">
                            <value>
                              <Object />
                            </value>
                          </entry>
                          <entry key="endLine" />
                          <entry key="fileName">
                            <value>
                              <Object />
                            </value>
                          </entry>
                          <entry key="filePath">
                            <value>
                              <Object />
                            </value>
                          </entry>
                          <entry key="selectedItemContent" />
                          <entry key="startLine" />
                        </map>
                      </option>
                      <option name="id" value="D:\.CODE\JetBrains_IDEA_SPACE\match01\src\main\java\org\example\Main.java" />
                      <option name="name" value="D:\.CODE\JetBrains_IDEA_SPACE\match01\src\main\java\org\example\Main.java" />
                      <option name="payload">
                        <Object />
                      </option>
                      <option name="text" value="Main.java" />
                      <option name="type" value="currentFile" />
                    </ChatContextTag>
                  </list>
                </option>
              </ChatRecentQuery>
              <ChatRecentQuery>
                <option name="chatInputElements">
                  <list>
                    <ChatInputElement>
                      <option name="text" value="abstract类中可以有非abs方法吗，这个方法可以用final修饰吗" />
                      <option name="type" value="text" />
                    </ChatInputElement>
                  </list>
                </option>
                <option name="contextTags">
                  <list>
                    <ChatContextTag>
                      <option name="componentType" value="comboBox" />
                      <option name="contextProvider">
                        <SuggestPrompt>
                          <option name="componentType" value="comboBox" />
                          <option name="contextName" value="file" />
                          <option name="drillDownEnable" value="true" />
                          <option name="enabled" value="true" />
                          <option name="extra">
                            <map>
                              <entry key="contextType">
                                <value>
                                  <Object />
                                </value>
                              </entry>
                            </map>
                          </option>
                          <option name="hint" value="file" />
                          <option name="id" value="7a0c2792-b1ed-49ec-a82b-d97b16a242b4" />
                          <option name="text" value="#file" />
                          <option name="type" value="context" />
                        </SuggestPrompt>
                      </option>
                      <option name="extra">
                        <map>
                          <entry key="contextType">
                            <value>
                              <Object />
                            </value>
                          </entry>
                          <entry key="endLine" />
                          <entry key="fileName">
                            <value>
                              <Object />
                            </value>
                          </entry>
                          <entry key="filePath">
                            <value>
                              <Object />
                            </value>
                          </entry>
                          <entry key="selectedItemContent" />
                          <entry key="startLine" />
                        </map>
                      </option>
                      <option name="id" value="D:\.CODE\JetBrains_IDEA_SPACE\match01\src\main\java\org\example\Main.java" />
                      <option name="name" value="D:\.CODE\JetBrains_IDEA_SPACE\match01\src\main\java\org\example\Main.java" />
                      <option name="payload">
                        <Object />
                      </option>
                      <option name="text" value="Main.java" />
                      <option name="type" value="currentFile" />
                    </ChatContextTag>
                  </list>
                </option>
              </ChatRecentQuery>
              <ChatRecentQuery>
                <option name="chatInputElements">
                  <list>
                    <ChatInputElement>
                      <option name="text" value="class a{public void setA（int,a,b,float c）}的重载方法是什么" />
                      <option name="type" value="text" />
                    </ChatInputElement>
                  </list>
                </option>
                <option name="contextTags">
                  <list>
                    <ChatContextTag>
                      <option name="componentType" value="comboBox" />
                      <option name="contextProvider">
                        <SuggestPrompt>
                          <option name="componentType" value="comboBox" />
                          <option name="contextName" value="file" />
                          <option name="drillDownEnable" value="true" />
                          <option name="enabled" value="true" />
                          <option name="extra">
                            <map>
                              <entry key="contextType">
                                <value>
                                  <Object />
                                </value>
                              </entry>
                            </map>
                          </option>
                          <option name="hint" value="file" />
                          <option name="id" value="7a0c2792-b1ed-49ec-a82b-d97b16a242b4" />
                          <option name="text" value="#file" />
                          <option name="type" value="context" />
                        </SuggestPrompt>
                      </option>
                      <option name="extra">
                        <map>
                          <entry key="contextType">
                            <value>
                              <Object />
                            </value>
                          </entry>
                          <entry key="endLine" />
                          <entry key="fileName">
                            <value>
                              <Object />
                            </value>
                          </entry>
                          <entry key="filePath">
                            <value>
                              <Object />
                            </value>
                          </entry>
                          <entry key="selectedItemContent" />
                          <entry key="startLine" />
                        </map>
                      </option>
                      <option name="id" value="D:\.CODE\JetBrains_IDEA_SPACE\match01\src\main\java\org\example\Main.java" />
                      <option name="name" value="D:\.CODE\JetBrains_IDEA_SPACE\match01\src\main\java\org\example\Main.java" />
                      <option name="payload">
                        <Object />
                      </option>
                      <option name="text" value="Main.java" />
                      <option name="type" value="currentFile" />
                    </ChatContextTag>
                  </list>
                </option>
              </ChatRecentQuery>
              <ChatRecentQuery>
                <option name="chatInputElements">
                  <list>
                    <ChatInputElement>
                      <option name="text" value="一个具有n结点的二叉树中，所有节点的空子树个数等于" />
                      <option name="type" value="text" />
                    </ChatInputElement>
                  </list>
                </option>
                <option name="contextTags">
                  <list>
                    <ChatContextTag>
                      <option name="componentType" value="comboBox" />
                      <option name="contextProvider">
                        <SuggestPrompt>
                          <option name="componentType" value="comboBox" />
                          <option name="contextName" value="file" />
                          <option name="drillDownEnable" value="true" />
                          <option name="enabled" value="true" />
                          <option name="extra">
                            <map>
                              <entry key="contextType">
                                <value>
                                  <Object />
                                </value>
                              </entry>
                            </map>
                          </option>
                          <option name="hint" value="file" />
                          <option name="id" value="7a0c2792-b1ed-49ec-a82b-d97b16a242b4" />
                          <option name="text" value="#file" />
                          <option name="type" value="context" />
                        </SuggestPrompt>
                      </option>
                      <option name="extra">
                        <map>
                          <entry key="contextType">
                            <value>
                              <Object />
                            </value>
                          </entry>
                          <entry key="endLine" />
                          <entry key="fileName">
                            <value>
                              <Object />
                            </value>
                          </entry>
                          <entry key="filePath">
                            <value>
                              <Object />
                            </value>
                          </entry>
                          <entry key="selectedItemContent" />
                          <entry key="startLine" />
                        </map>
                      </option>
                      <option name="id" value="D:\.CODE\JetBrains_IDEA_SPACE\match01\src\main\java\org\example\Main.java" />
                      <option name="name" value="D:\.CODE\JetBrains_IDEA_SPACE\match01\src\main\java\org\example\Main.java" />
                      <option name="payload">
                        <Object />
                      </option>
                      <option name="text" value="Main.java" />
                      <option name="type" value="currentFile" />
                    </ChatContextTag>
                  </list>
                </option>
              </ChatRecentQuery>
              <ChatRecentQuery>
                <option name="chatInputElements">
                  <list>
                    <ChatInputElement>
                      <option name="text" value="下面程序段的执行结果是什么？（）&#10;public class Person{&#10;    public static void main(String[] args){&#10;        try{ int f=12;return; }&#10;        catch(Exception e){System.out.println(e.getMessage());}&#10;        finally{System.out.println(&quot;Finally!&quot;);}&#10;    }&#10;}&#10;" />
                      <option name="type" value="text" />
                    </ChatInputElement>
                  </list>
                </option>
                <option name="contextTags">
                  <list>
                    <ChatContextTag>
                      <option name="componentType" value="comboBox" />
                      <option name="contextProvider">
                        <SuggestPrompt>
                          <option name="componentType" value="comboBox" />
                          <option name="contextName" value="file" />
                          <option name="drillDownEnable" value="true" />
                          <option name="enabled" value="true" />
                          <option name="extra">
                            <map>
                              <entry key="contextType">
                                <value>
                                  <Object />
                                </value>
                              </entry>
                            </map>
                          </option>
                          <option name="hint" value="file" />
                          <option name="id" value="7a0c2792-b1ed-49ec-a82b-d97b16a242b4" />
                          <option name="text" value="#file" />
                          <option name="type" value="context" />
                        </SuggestPrompt>
                      </option>
                      <option name="extra">
                        <map>
                          <entry key="contextType">
                            <value>
                              <Object />
                            </value>
                          </entry>
                          <entry key="endLine" />
                          <entry key="fileName">
                            <value>
                              <Object />
                            </value>
                          </entry>
                          <entry key="filePath">
                            <value>
                              <Object />
                            </value>
                          </entry>
                          <entry key="selectedItemContent" />
                          <entry key="startLine" />
                        </map>
                      </option>
                      <option name="id" value="D:\.CODE\JetBrains_IDEA_SPACE\match01\src\main\java\org\example\Main.java" />
                      <option name="name" value="D:\.CODE\JetBrains_IDEA_SPACE\match01\src\main\java\org\example\Main.java" />
                      <option name="payload">
                        <Object />
                      </option>
                      <option name="text" value="Main.java" />
                      <option name="type" value="currentFile" />
                    </ChatContextTag>
                  </list>
                </option>
              </ChatRecentQuery>
              <ChatRecentQuery>
                <option name="chatInputElements">
                  <list>
                    <ChatInputElement>
                      <option name="text" value="在长度为length的顺序表的第i (1ilength)个位置上删除一个元素，元素的移动次数为（）。&#10;" />
                      <option name="type" value="text" />
                    </ChatInputElement>
                  </list>
                </option>
                <option name="contextTags">
                  <list>
                    <ChatContextTag>
                      <option name="componentType" value="comboBox" />
                      <option name="contextProvider">
                        <SuggestPrompt>
                          <option name="componentType" value="comboBox" />
                          <option name="contextName" value="file" />
                          <option name="drillDownEnable" value="true" />
                          <option name="enabled" value="true" />
                          <option name="extra">
                            <map>
                              <entry key="contextType">
                                <value>
                                  <Object />
                                </value>
                              </entry>
                            </map>
                          </option>
                          <option name="hint" value="file" />
                          <option name="id" value="7a0c2792-b1ed-49ec-a82b-d97b16a242b4" />
                          <option name="text" value="#file" />
                          <option name="type" value="context" />
                        </SuggestPrompt>
                      </option>
                      <option name="extra">
                        <map>
                          <entry key="contextType">
                            <value>
                              <Object />
                            </value>
                          </entry>
                          <entry key="endLine" />
                          <entry key="fileName">
                            <value>
                              <Object />
                            </value>
                          </entry>
                          <entry key="filePath">
                            <value>
                              <Object />
                            </value>
                          </entry>
                          <entry key="selectedItemContent" />
                          <entry key="startLine" />
                        </map>
                      </option>
                      <option name="id" value="D:\.CODE\JetBrains_IDEA_SPACE\match01\src\main\java\org\example\Main.java" />
                      <option name="name" value="D:\.CODE\JetBrains_IDEA_SPACE\match01\src\main\java\org\example\Main.java" />
                      <option name="payload">
                        <Object />
                      </option>
                      <option name="text" value="Main.java" />
                      <option name="type" value="currentFile" />
                    </ChatContextTag>
                  </list>
                </option>
              </ChatRecentQuery>
              <ChatRecentQuery>
                <option name="chatInputElements">
                  <list>
                    <ChatInputElement>
                      <option name="text" value="有二叉树中序序列为ABCDEFG，后序序列为BDCAFGE，则前序序列是（）&#10;" />
                      <option name="type" value="text" />
                    </ChatInputElement>
                  </list>
                </option>
                <option name="contextTags">
                  <list>
                    <ChatContextTag>
                      <option name="componentType" value="comboBox" />
                      <option name="contextProvider">
                        <SuggestPrompt>
                          <option name="componentType" value="comboBox" />
                          <option name="contextName" value="file" />
                          <option name="drillDownEnable" value="true" />
                          <option name="enabled" value="true" />
                          <option name="extra">
                            <map>
                              <entry key="contextType">
                                <value>
                                  <Object />
                                </value>
                              </entry>
                            </map>
                          </option>
                          <option name="hint" value="file" />
                          <option name="id" value="7a0c2792-b1ed-49ec-a82b-d97b16a242b4" />
                          <option name="text" value="#file" />
                          <option name="type" value="context" />
                        </SuggestPrompt>
                      </option>
                      <option name="extra">
                        <map>
                          <entry key="contextType">
                            <value>
                              <Object />
                            </value>
                          </entry>
                          <entry key="endLine" />
                          <entry key="fileName">
                            <value>
                              <Object />
                            </value>
                          </entry>
                          <entry key="filePath">
                            <value>
                              <Object />
                            </value>
                          </entry>
                          <entry key="selectedItemContent" />
                          <entry key="startLine" />
                        </map>
                      </option>
                      <option name="id" value="D:\.CODE\JetBrains_IDEA_SPACE\match01\src\main\java\org\example\Main.java" />
                      <option name="name" value="D:\.CODE\JetBrains_IDEA_SPACE\match01\src\main\java\org\example\Main.java" />
                      <option name="payload">
                        <Object />
                      </option>
                      <option name="text" value="Main.java" />
                      <option name="type" value="currentFile" />
                    </ChatContextTag>
                  </list>
                </option>
              </ChatRecentQuery>
              <ChatRecentQuery>
                <option name="chatInputElements">
                  <list>
                    <ChatInputElement>
                      <option name="text" value="请你以后的回答省略过程，只给出结果" />
                      <option name="type" value="text" />
                    </ChatInputElement>
                  </list>
                </option>
                <option name="contextTags">
                  <list>
                    <ChatContextTag>
                      <option name="componentType" value="comboBox" />
                      <option name="contextProvider">
                        <SuggestPrompt>
                          <option name="componentType" value="comboBox" />
                          <option name="contextName" value="file" />
                          <option name="drillDownEnable" value="true" />
                          <option name="enabled" value="true" />
                          <option name="extra">
                            <map>
                              <entry key="contextType">
                                <value>
                                  <Object />
                                </value>
                              </entry>
                            </map>
                          </option>
                          <option name="hint" value="file" />
                          <option name="id" value="7a0c2792-b1ed-49ec-a82b-d97b16a242b4" />
                          <option name="text" value="#file" />
                          <option name="type" value="context" />
                        </SuggestPrompt>
                      </option>
                      <option name="extra">
                        <map>
                          <entry key="contextType">
                            <value>
                              <Object />
                            </value>
                          </entry>
                          <entry key="endLine" />
                          <entry key="fileName">
                            <value>
                              <Object />
                            </value>
                          </entry>
                          <entry key="filePath">
                            <value>
                              <Object />
                            </value>
                          </entry>
                          <entry key="selectedItemContent" />
                          <entry key="startLine" />
                        </map>
                      </option>
                      <option name="id" value="D:\.CODE\JetBrains_IDEA_SPACE\match01\src\main\java\org\example\Main.java" />
                      <option name="name" value="D:\.CODE\JetBrains_IDEA_SPACE\match01\src\main\java\org\example\Main.java" />
                      <option name="payload">
                        <Object />
                      </option>
                      <option name="text" value="Main.java" />
                      <option name="type" value="currentFile" />
                    </ChatContextTag>
                  </list>
                </option>
              </ChatRecentQuery>
            </list>
          </value>
        </entry>
      </map>
    </option>
    <option name="showInlineAcceptTips" value="false" />
  </component>
</application>