<application>
  <component name="ProjectManager">
    <defaultProject>
      <component name="MavenImportPreferences">
        <option name="generalSettings">
          <MavenGeneralSettings>
            <option name="customMavenHome" value="D:\.develop\apache-maven-3.9.5" />
            <option name="localRepository" value="D:\.develop\apache-maven-3.9.5\repo" />
            <option name="mavenHomeTypeForPersistence" value="CUSTOM" />
            <option name="userSettingsFile" value="D:\.develop\apache-maven-3.9.5\conf\settings.xml" />
          </MavenGeneralSettings>
        </option>
      </component>
      <component name="ProjectViewState">
        <option name="hideEmptyMiddlePackages" value="true" />
        <option name="showLibraryContents" value="true" />
      </component>
      <component name="PropertiesComponent">{
  &quot;keyToString&quot;: {
    &quot;settings.editor.selected.configurable&quot;: &quot;preferences.keymap&quot;
  }
}</component>
      <component name="TaskManager">
        <task active="true" id="Default" summary="默认任务">
          <created>1729422522028</created>
          <option name="number" value="Default" />
          <option name="presentableId" value="Default" />
          <updated>1729422522028</updated>
          <workItem from="1729422523254" duration="246000" />
        </task>
        <servers />
      </component>
      <component name="TimeTrackingManager">
        <option name="totallyTimeSpent" value="246000" />
      </component>
      <component name="VcsDirectoryMappings" defaultProject="true" />
      <component name="WindowStateProjectService">
        <state x="1501" y="436" key="FileChooserDialogImpl" timestamp="1729422493280">
          <screen x="0" y="0" width="2560" height="1392" />
        </state>
        <state x="1501" y="436" key="FileChooserDialogImpl/0.0.2560.1392" timestamp="1729422493280" />
        <state x="1222" y="318" key="SettingsEditor" timestamp="1729422545263">
          <screen x="0" y="0" width="2560" height="1392" />
        </state>
        <state x="1222" y="318" key="SettingsEditor/0.0.2560.1392" timestamp="1729422545263" />
      </component>
    </defaultProject>
  </component>
</application>