<application>
  <component name="easyJavadoc">
    <option name="accessKeyId" value="" />
    <option name="accessKeySecret" value="" />
    <option name="appId" value="" />
    <option name="author" value="Muelsyse" />
    <option name="chatGlmApiKey" value="" />
    <option name="customUrl" value="" />
    <option name="googleKey" value="" />
    <option name="kdocAuthor" value="Administrator" />
    <option name="kdocSimpleFieldDoc" value="true" />
    <option name="methodReturnType" value="doc" />
    <option name="microsoftKey" value="" />
    <option name="microsoftRegion" value="" />
    <option name="projectWordMap">
      <map>
        <entry key="RuoYi" />
        <entry key="RuoYi-Vue" />
        <entry key="RuoYi-Vue2">
          <value>
            <map />
          </value>
        </entry>
        <entry key="SDnA" />
        <entry key="SSH" />
        <entry key="ningBoLec1" />
      </map>
    </option>
    <option name="secretId" value="" />
    <option name="secretKey" value="" />
    <option name="simpleFieldDoc" value="true" />
    <option name="token" value="" />
    <option name="translator" value="微软免费翻译" />
    <option name="youdaoAppKey" value="" />
    <option name="youdaoAppSecret" value="" />
  </component>
</application>