<application>
  <component name="GeneralSettings">
    <option name="confirmExit" value="false" />
    <option name="confirmOpenNewProject2" value="1" />
    <option name="processCloseConfirmation" value="TERMINATE" />
  </component>
  <component name="LocalizationStateService">
    <option name="lastSelectedLocale" value="zh-CN" />
    <option name="selectedLocale" value="zh-CN" />
  </component>
  <component name="Registry">
    <entry key="moved.to.new.ui" value="true" source="SYSTEM" />
    <entry key="ide.experimental.ui" value="true" source="SYSTEM" />
    <entry key="vcs.log.index.enable" value="true" source="SYSTEM" />
    <entry key="maven.packagesearch.enabled" value="false" source="MANAGER" />
  </component>
</application>