<application>
  <component name="Trusted.Paths">
    <option name="TRUSTED_PROJECT_PATHS">
      <map>
        <entry key="C:\Users\Administrator\IdeaProjects\mavenText" value="true" />
        <entry key="C:\Users\Administrator\IdeaProjects\untitled" value="true" />
        <entry key="D:\.CODE\JetBrains_IDEA_SPACE\MybatisCh1" value="true" />
        <entry key="D:\.CODE\JetBrains_IDEA_SPACE\MybatisCh2" value="true" />
        <entry key="D:\.CODE\JetBrains_IDEA_SPACE\PYT" value="true" />
        <entry key="D:\.CODE\JetBrains_IDEA_SPACE\Project" value="true" />
        <entry key="D:\.CODE\JetBrains_IDEA_SPACE\RJGZ" value="true" />
        <entry key="D:\.CODE\JetBrains_IDEA_SPACE\SDnA" value="true" />
        <entry key="D:\.CODE\JetBrains_IDEA_SPACE\aliyunBoot2" value="true" />
        <entry key="D:\.CODE\JetBrains_IDEA_SPACE\match01" value="true" />
        <entry key="D:\.CODE\JetBrains_IDEA_SPACE\mavenCh1" value="true" />
        <entry key="D:\.CODE\JetBrains_IDEA_SPACE\mavench2" value="true" />
        <entry key="D:\.CODE\JetBrains_IDEA_SPACE\ningBoLec1" value="true" />
        <entry key="D:\.CODE\JetBrains_IDEA_SPACE\带组态源码" value="true" />
        <entry key="D:\.code.java\JUnitT01" value="true" />
        <entry key="D:\.code.java\SQAT" value="true" />
        <entry key="D:\.project.github\HCI" value="true" />
        <entry key="D:\.project.github\MavenT" value="true" />
        <entry key="D:\.project.github\houserent" value="true" />
        <entry key="D:\.project.github\springbootT" value="true" />
        <entry key="D:\.project.github\springbootT1" value="true" />
        <entry key="D:\.project.github\ssm_houserent-master" value="true" />
        <entry key="D:\.project.java\SSH" value="true" />
        <entry key="D:\.project.java\arkTake" value="true" />
        <entry key="D:\.project.java\sky-take-out" value="true" />
        <entry key="D:\.project.java\squirrel" value="true" />
        <entry key="D:\.project\NingBoRepo" value="true" />
        <entry key="D:\.project\RuoYi" value="true" />
        <entry key="D:\.project\RuoYi-Vue" value="true" />
        <entry key="D:\.project\RuoYi-Vue2" value="true" />
        <entry key="D:\.project\SSH" value="true" />
        <entry key="D:\.project\arkTake" value="true" />
        <entry key="D:\.project\sky-take-out" value="true" />
        <entry key="D:\.project\vuePro" value="true" />
        <entry key="E:\.CODE\JetBrains_IDEA_SPACE\RJGZ" value="true" />
      </map>
    </option>
  </component>
  <component name="Trusted.Paths.Settings">
    <option name="TRUSTED_PATHS">
      <list>
        <option value="E:\.CODE\JetBrains_IDEA_SPACE" />
        <option value="D:\.project" />
        <option value="D:\.code.java" />
        <option value="D:\.project.java" />
        <option value="D:\.project.github" />
      </list>
    </option>
  </component>
</application>